"username","user_id"
"user001",202
"user002",203
"user003",204
"user004",205
"user005",206
"user006",207
"user007",208
"user008",209
"user009",210
"user010",211
"user011",212
"user012",213
"user013",214
"user014",215
"user015",216
"user016",217
"user017",218
"user018",219
"user019",220
"user020",221
"user021",222
"user022",223
"user023",224
"user024",225
"user025",226
"user026",227
"user027",228
"user028",229
"user029",230
"user030",231
"user031",232
"user032",233
"user033",234
"user034",235
"user035",236
"user036",237
"user037",238
"user038",239
"user039",240
"user040",241
"user041",242
"user042",243
"user043",244
"user044",245
"user045",246
"user046",247
"user047",248
"user048",249
"user049",250
"user050",251
"user051",252
"user052",253
"user053",254
"user054",255
"user055",256
"user056",257
"user057",258
"user058",259
"user059",260
"user060",261
"user061",262
"user062",263
"user063",264
"user064",265
"user065",266
"user066",267
"user067",268
"user068",269
"user069",270
"user070",271
"user071",272
"user072",273
"user073",274
"user074",275
"user075",276
"user076",277
"user077",278
"user078",279
"user079",280
"user080",281
"user081",282
"user082",283
"user083",284
"user084",285
"user085",286
"user086",287
"user087",288
"user088",289
"user089",290
"user090",291
"user091",292
"user092",293
"user093",294
"user094",295
"user095",296
"user096",297
"user097",298
"user098",299
"user099",300
"user100",301
